<?xml version="1.0" encoding="UTF-8"?>
<project xmlns:xsi="http://www.w3.org/2001/XMLSchema-instance" uuid="0138834b-f002-4be7-adb9-8071d7dbfb12" xsi:noNamespaceSchemaLocation="http://www.jetbrains.com/teamcity/schemas/2017.2/project-config.xsd">
  <name>SeleniumBasics</name>
  <description>Basic NUnit Seleninium based Test project with logging and reporting capabilities using Teamcity</description>
  <parameters />
  <project-extensions>
    <extension id="PROJECT_EXT_11" type="ReportTab">
      <parameters>
        <param name="startPage" value="Reports/analysis/SeleniumBasics.dll.CodeAnalysisLog.xml" />
        <param name="title" value="Code Coverage" />
        <param name="type" value="BuildReportTab" />
      </parameters>
    </extension>
    <extension id="PROJECT_EXT_3" type="project-graphs">
      <parameters>
        <param name="defaultFilters" value="" />
        <param name="format" value="percent" />
        <param name="hideFilters" value="" />
        <param name="series"><![CDATA[[
  {
    "type": "valueType",
    "title": "Build Duration (all stages)",
    "sourceBuildTypeId": "SeleniumBasics_Build",
    "key": "BuildDuration"
  },
  {
    "type": "valueType",
    "title": "BuildTestStatus",
    "sourceBuildTypeId": "SeleniumBasics_Build",
    "key": "BuildTestStatus"
  }
]]]></param>
        <param name="seriesTitle" value="Duration Time" />
        <param name="title" value="Build Time and Status" />
      </parameters>
    </extension>
    <extension id="PROJECT_EXT_4" type="versionedSettings">
      <parameters>
        <param name="buildSettings" value="ALWAYS_USE_CURRENT" />
        <param name="credentialsStorageType" value="credentialsJSON" />
        <param name="enabled" value="true" />
        <param name="rootId" value="SeleniumBasics_HttpsGithubComDeLabsSeleniumBasicsGitRefsHeadsMaster" />
        <param name="showChanges" value="true" />
      </parameters>
    </extension>
    <extension id="PROJECT_EXT_5" type="IssueTracker">
      <parameters>
        <param name="authType" value="accesstoken" />
        <param name="name" value="de-labs/SeleniumBasics" />
        <param name="pattern" value="#(\d+)" />
        <param name="repository" value="https://github.com/de-labs/SeleniumBasics" />
        <param name="secure:accessToken" value="credentialsJSON:e72a5ffc-3824-4a59-a369-1a51febfd1c1" />
        <param name="secure:password" value="" />
        <param name="type" value="GithubIssues" />
        <param name="username" value="" />
      </parameters>
    </extension>
    <extension id="PROJECT_EXT_6" type="project-graphs">
      <parameters>
        <param name="defaultFilters" value="" />
        <param name="format" value="text" />
        <param name="hideFilters" value="" />
        <param name="series"><![CDATA[[
  {
    "type": "valueType",
    "title": "Artifacts Size",
    "sourceBuildTypeId": "SeleniumBasics_Build",
    "key": "VisibleArtifactsSize"
  },
  {
    "type": "valueType",
    "title": "Build Artifacts Publishing Time",
    "sourceBuildTypeId": "SeleniumBasics_Build",
    "key": "buildStageDuration:artifactsPublishing"
  },
  {
    "type": "valueType",
    "title": "Build Checkout Time",
    "sourceBuildTypeId": "SeleniumBasics_Build",
    "key": "buildStageDuration:sourcesUpdate"
  },
  {
    "type": "valueType",
    "title": "Build Duration (all stages)",
    "sourceBuildTypeId": "SeleniumBasics_Build",
    "key": "BuildDuration"
  },
  {
    "type": "valueType",
    "title": "Build Duration (excluding Checkout Time)",
    "sourceBuildTypeId": "SeleniumBasics_Build",
    "key": "BuildDurationNetTime"
  },
  {
    "type": "valueType",
    "title": "buildFinishing",
    "sourceBuildTypeId": "SeleniumBasics_Build",
    "key": "buildStageDuration:buildFinishing"
  },
  {
    "type": "valueType",
    "title": "buildStepRUNNER_1",
    "sourceBuildTypeId": "SeleniumBasics_Build",
    "key": "buildStageDuration:buildStepRUNNER_1"
  },
  {
    "type": "valueType",
    "title": "buildStepRUNNER_2",
    "sourceBuildTypeId": "SeleniumBasics_Build",
    "key": "buildStageDuration:buildStepRUNNER_2"
  },
  {
    "type": "valueType",
    "title": "buildStepRUNNER_3",
    "sourceBuildTypeId": "SeleniumBasics_Build",
    "key": "buildStageDuration:buildStepRUNNER_3"
  },
  {
    "type": "valueType",
    "title": "buildStepRUNNER_4",
    "sourceBuildTypeId": "SeleniumBasics_Build",
    "key": "buildStageDuration:buildStepRUNNER_4"
  },
  {
    "type": "valueType",
    "title": "BuildTestStatus",
    "sourceBuildTypeId": "SeleniumBasics_Build",
    "key": "BuildTestStatus"
  },
  {
    "type": "valueType",
    "title": "firstStepPreparation",
    "sourceBuildTypeId": "SeleniumBasics_Build",
    "key": "buildStageDuration:firstStepPreparation"
  },
  {
    "type": "valueType",
    "title": "Success Rate",
    "sourceBuildTypeId": "SeleniumBasics_Build",
    "key": "SuccessRate"
  },
  {
    "type": "valueType",
    "title": "Time Spent in Queue",
    "sourceBuildTypeId": "SeleniumBasics_Build",
    "key": "TimeSpentInQueue"
  },
  {
    "type": "valueType",
    "title": "Total Artifacts Size",
    "sourceBuildTypeId": "SeleniumBasics_Build",
    "key": "ArtifactsSize"
  }
]]]></param>
        <param name="seriesTitle" value="Serie" />
        <param name="title" value="Full Chart" />
      </parameters>
    </extension>
    <extension id="PROJECT_EXT_8" type="ReportTab">
      <parameters>
        <param name="buildTypeId" value="SeleniumBasics_Build" />
        <param name="revisionRuleName" value="lastFinished" />
        <param name="revisionRuleRevision" value="latest.lastFinished" />
        <param name="startPage" value="Reports/Index.html" />
        <param name="title" value="Test Report" />
        <param name="type" value="ProjectReportTab" />
      </parameters>
    </extension>
  </project-extensions>
  <cleanup />
</project>

