<?xml version="1.0" encoding="UTF-8"?>
<vcs-root xmlns:xsi="http://www.w3.org/2001/XMLSchema-instance" uuid="4a18806f-0290-427a-9994-3ac4bd71e62d" type="jetbrains.git" xsi:noNamespaceSchemaLocation="http://www.jetbrains.com/teamcity/schemas/2017.2/project-config.xsd">
  <name>https://github.com/de-labs/SeleniumBasics.git#refs/heads/master</name>
  <param name="agentCleanFilesPolicy" value="ALL_UNTRACKED" />
  <param name="agentCleanPolicy" value="ON_BRANCH_CHANGE" />
  <param name="authMethod" value="PASSWORD" />
  <param name="branch" value="refs/heads/master" />
  <param name="ignoreKnownHosts" value="true" />
  <param name="secure:password" value="credentialsJSON:c732e013-d4ea-4561-a4ce-be0cd1654cdf" />
  <param name="submoduleCheckout" value="CHECKOUT" />
  <param name="url" value="https://github.com/de-labs/SeleniumBasics.git" />
  <param name="useAlternates" value="true" />
  <param name="userForTags" value="biraj.poddar@gmail.com" />
  <param name="username" value="de-labs" />
  <param name="usernameStyle" value="EMAIL" />
</vcs-root>

