<?xml version="1.0" encoding="UTF-8"?>
<meta-runner name="Build">
  <description>TeamCity Integration</description>
  <settings>
    <parameters>
      <param name="env.EnableNuGetPackageRestore" value="true" />
      <param name="env.VisualStudioVersion" value="15.0" />
    </parameters>
    <build-runners>
      <runner name="" type="VS.Solution">
        <parameters>
          <param name="build-file-path" value="SeleniumBasics.sln" />
          <param name="msbuild.prop.Configuration" value="Debug" />
          <param name="msbuild_version" value="15.0" />
          <param name="run-platform" value="x86" />
          <param name="targets" value="Rebuild" />
          <param name="teamcity.step.mode" value="default" />
          <param name="toolsVersion" value="15.0" />
          <param name="vs.version" value="vs2017" />
        </parameters>
      </runner>
      <runner name="" type="dotnet.cli">
        <parameters>
          <param name="command" value="restore" />
          <param name="paths" value="SeleniumBasics.sln" />
          <param name="teamcity.step.mode" value="default" />
        </parameters>
      </runner>
      <runner name="" type="dotnet.cli">
        <parameters>
          <param name="command" value="build" />
          <param name="paths" value="SeleniumBasics.sln" />
          <param name="teamcity.step.mode" value="default" />
        </parameters>
      </runner>
      <runner name="Run Tests" type="NUnit">
        <parameters>
          <param name="dotNetCoverage.NCover.HTMLReport.File.Sort" value="0" />
          <param name="dotNetCoverage.NCover.HTMLReport.File.Type" value="1" />
          <param name="dotNetCoverage.NCover.Reg" value="selected" />
          <param name="dotNetCoverage.NCover.platformBitness" value="x86" />
          <param name="dotNetCoverage.NCover.platformVersion" value="v2.0" />
          <param name="dotNetCoverage.NCover3.Reg" value="selected" />
          <param name="dotNetCoverage.NCover3.args" value="//ias .*" />
          <param name="dotNetCoverage.NCover3.platformBitness" value="x86" />
          <param name="dotNetCoverage.NCover3.platformVersion" value="v2.0" />
          <param name="dotNetCoverage.NCover3.reporter.executable.args" value="//or FullCoverageReport:Html:{teamcity.report.path}" />
          <param name="dotNetCoverage.PartCover.Reg" value="selected" />
          <param name="dotNetCoverage.PartCover.executable" value="%system.teamcity.build.workingDir%" />
          <param name="dotNetCoverage.PartCover.includes" value="[*]*" />
          <param name="dotNetCoverage.PartCover.platformBitness" value="NATIVE" />
          <param name="dotNetCoverage.PartCover.platformVersion" value="NATIVE" />
          <param name="dotNetCoverage.dotCover.home.path" value="%teamcity.tool.JetBrains.dotCover.CommandLineTools.DEFAULT%" />
          <param name="dotNetTestRunner.Type" value="NUnit" />
          <param name="nunit_enabled" value="checked" />
          <param name="nunit_environment" value="auto" />
          <param name="nunit_include" value="SeleniumBasics\bin\Debug\SeleniumBasics.dll" />
          <param name="nunit_path" value="%teamcity.tool.NUnit.Console.DEFAULT%" />
          <param name="nunit_platform" value="MSIL" />
          <param name="nunit_version" value="NUnit-3.0.0" />
          <param name="teamcity.step.mode" value="default" />
        </parameters>
      </runner>
    </build-runners>
    <requirements>
      <exists id="RQ_1" name="system.teamcity.dotnet.nunitlauncher" />
    </requirements>
  </settings>
</meta-runner>

